a,b,,origional (a),data (b),before modification
0.507573108,0.202580565,,0.507573108,1.42686215,0.202580565
0.58185801,0.25827112,,0.58185801,2.37478935,0.25827112
0.626620276,0.29292302,,0.626620276,2.964610718,0.29292302
0.686630836,0.352326278,,0.686630836,3.975733064,0.352326278
0.744744501,0.420392511,,0.744744501,5.134310752,0.420392511
